{
  "The Serangoon House, 301 Serangoon Road, Singapore 218224": [
    1.3113516,
    103.8547525
  ],
  "1 Farrer Park Station Road, #01-01, One Farrer Hotel, Singapore 217562": [
    1.3127136,
    103.8539107
  ],
  "11 Tanjong Katong Road, #02-19/20 KINEX Mall, Singapore 437157": [
    1.3148437,
    103.8945748
  ],
  "65 Chulia Street, #33-01 OCBC Centre, Singapore 049513 260 Orchard Rd, #05-02 The Heeren, Singapore 238855": [
    1.2849315,
    103.8490525
  ],
  "Tanglin Mall, 163 Tanglin Road #03-122, Singapore 247933": [
    1.3049371,
    103.8237446
  ],
  "10 Bayfront Avenue #01-86 Singapore 018972": [
    1.2848298,
    103.8591207
  ],
  "80 Raffles Place UOB Plaza 1, #60-01 Singapore 048624": [
    1.2854387,
    103.850635
  ],
  "7 Purvis Street, Level 2, Singapore 188586": [
    1.2899175,
    103.8519072
  ],
  "Holiday Inn Singapore Atrium, Level 4, 317 Outram Road Singapore 169075": [
    1.2888583,
    103.8342911
  ],
  "Duxton Reserve, 83 Duxton Road, Singapore 089540": [
    1.2788244,
    103.8431803
  ],
  "Maxwell Reserve Singapore, 2 Cook Street, Singapore 078857": [
    1.2793604,
    103.8444081
  ],
  "206 Telok Ayer Street Singapore 068641": [
    1.2800225,
    103.8471461
  ],
  "48 Kandahar Street, Singapore 198899": [
    1.2899175,
    103.8519072
  ],
  "Artyzen Singapore, Level 4, 9 Cuscaden Road, Singapore 249719": [
    1.30579,
    103.8270314
  ],
  "Amara Sanctuary Sentosa, 1 Larkhill Road, Singapore 099394": [
    1.2521753,
    103.8221922
  ],
  "2 Bayfront Ave, #B2-13/14, Singapore 018972 2 Orchard Turn #01-15/16 ION Orchard Mall, 238801": [
    1.2848298,
    103.8591207
  ],
  "VivoCity, 1 Harbourfront Walk, #01-161/162, Singapore 098585": [
    1.2643647,
    103.8223072
  ],
  "31 Rochester Drive, #01-01/02, Singapore 138637 2 Finlayson Green, Level 2, Singapore 049247": [
    1.3050723,
    103.7889398
  ],
  "One Farrer Hotel, 1 Farrer Park Station Road, Level 6, Singapore 217562": [
    1.3127136,
    103.8539107
  ],
  "For full list of locations, please visit here.": null,
  "85 Club Street, Singapore 069453": [
    1.2816839,
    103.8457884
  ],
  "26/26B Lorong Mambong Singapore 277685": [
    1.2899175,
    103.8519072
  ],
  "333A Orchard Road, #04-01/31 Mandarin Gallery, Hilton Singapore Orchard, Singapore 238897": [
    1.3020713,
    103.8366128
  ],
  "7 Ann Siang Rd, Singapore 069689 60 Robertson Quay, #01-02, Singapore238252": [
    1.2811396,
    103.8456949
  ],
  "138 Telok Ayer Street, Singapore 068603": [
    1.2816159,
    103.8479067
  ],
  "271 Bukit Timah Road Balmoral Plaza #01-09 269 Jalan Kayu, Singapore 799497": [
    1.397132,
    103.8728895
  ],
  "Level 3, 10 Coleman Street, Grand Park City Hall, Singapore 179809": [
    1.2925925,
    103.8503139
  ],
  "60 Robertson Quay, #01-04, Singapore 238252": [
    1.2899982,
    103.8391346
  ],
  "33 Hyderabad Road, #02-02 Hort Park, Singapore 119578": [
    1.2786197,
    103.8015439
  ],
  "2 Stamford Road, Level 3, Swissôtel The Stamford, Singapore 178882": [
    1.291088,
    103.8494107
  ],
  "80 Bras Basah Road, Singapore 189560": [
    1.2940302,
    103.8540294
  ],
  "2 Stamford Rd, Singapore 178882": [
    1.291088,
    103.8494107
  ],
  "1 Hill Street, Singapore 179949": [
    1.2936762,
    103.8506105
  ],
  "9 Wallich Street, Level 5, Singapore 078885": [
    1.2771104,
    103.8452024
  ],
  "10 Claymore Road, Singapore 229540": [
    1.3073446,
    103.8298621
  ],
  "1 Fullerton Square, Singapore 049178": [
    1.2863202,
    103.8529401
  ],
  "15 Stamford Road, Singapore 178906": [
    1.2899175,
    103.8519072
  ],
  "13 Stamford Road, #01-86/87, Arcade @ The Capitol Kempinski, Singapore 178905": [
    1.2931357,
    103.8518054
  ],
  "30 Beach Road, Singapore 189763": [
    1.2945527,
    103.8560171
  ],
  "320 Orchard Rd, Singapore 238865": [
    1.3051825,
    103.8326693
  ],
  "29 Tanglin Rd, Singapore 247911": [
    1.3057257,
    103.826088
  ],
  "21 Ocean Way, Singapore 098374": [
    1.2462118,
    103.8425176
  ],
  "403 Havelock Road, Singapore 169632": [
    1.2882244,
    103.8366323
  ],
  "392 Havelock Road, Singapore 169663": [
    1.2904175,
    103.8350145
  ],
  "81 Anson Road, Singapore 079908": [
    1.2736987,
    103.8450757
  ],
  "81 Anson Road, Level 2, Singapore 079908": [
    1.2736987,
    103.8450757
  ],
  "442 Orchard Road, Singapore 238879": [
    1.3076005,
    103.828574
  ],
  "20 Merchant Rd, Singapore 058281": [
    1.2884758,
    103.8458842
  ],
  "8 Sentosa Gateway, Ave 8, Singapore 098269": [
    1.2559406,
    103.8201012
  ]
}
